{"alpha_0.0": {"beta_0.0": {"batch_size_1000": {"acc": 0.5, "func": 23014.76250792365, "func_val": 23014.750232276812, "pair_time": 0, "epoch": 